{"cohort": "2017-04", "seed": 3, "add_point": -0.03527397933244642, "add_p": 1.0, "add_low": -0.0412927994036543, "add_high": -0.029106003828715254, "b4_pearson": 0.2067205699682849, "b4z_pearson": 0.21897956372532074, "b4z_spearman": 0.3715990252623934}