{"cohort": "2017-04", "seed": 2, "add_point": -0.031677117247518025, "add_p": 1.0, "add_low": -0.03830610469870856, "add_high": -0.02438965926030246, "b4_pearson": 0.2067205699682849, "b4z_pearson": 0.2193016246414147, "b4z_spearman": 0.36990673691774206}