{"cohort": "2017-04", "seed": 4, "add_point": -0.027809425805280567, "add_p": 1.0, "add_low": -0.03432207088512299, "add_high": -0.02109263746140951, "b4_pearson": 0.2067205699682849, "b4z_pearson": 0.2175599441964211, "b4z_spearman": 0.3711920481906813}