{"cohort": "2017-04", "seed": 1, "add_point": -0.02976177310399053, "add_p": 1.0, "add_low": -0.03570248980613341, "add_high": -0.023501198908373582, "b4_pearson": 0.2067205699682849, "b4z_pearson": 0.21978961018341373, "b4z_spearman": 0.37117150867964643}