{"cohort": "2017-04", "seed": 0, "add_point": -0.032786050813937144, "add_p": 1.0, "add_low": -0.03894772763415982, "add_high": -0.02654332709322557, "b4_pearson": 0.2067205699682849, "b4z_pearson": 0.2207191968544905, "b4z_spearman": 0.37089484771772857}