{"cohort": "2019-07", "seed": 4, "add_point": -0.025968418885647195, "add_p": 1.0, "add_low": -0.03277937052381024, "add_high": -0.019375681702831174, "b4_pearson": 0.24882300152985906, "b4z_pearson": 0.251016383668679, "b4z_spearman": 0.39617267394364897}