{"cohort": "2019-07", "seed": 3, "add_point": -0.02738293334386849, "add_p": 1.0, "add_low": -0.03481509107996146, "add_high": -0.020251225500681685, "b4_pearson": 0.24882300152985906, "b4z_pearson": 0.26034275791857114, "b4z_spearman": 0.40150733140994493}