{"cohort": "2019-07", "seed": 1, "add_point": -0.024360808266116855, "add_p": 1.0, "add_low": -0.03134421092607661, "add_high": -0.01741331088578838, "b4_pearson": 0.24882300152985906, "b4z_pearson": 0.25436251140325594, "b4z_spearman": 0.396589783817004}