{"cohort": "2019-07", "seed": 0, "add_point": -0.025995015629143435, "add_p": 1.0, "add_low": -0.03339670128238134, "add_high": -0.01825634704431232, "b4_pearson": 0.24882300152985906, "b4z_pearson": 0.2580592809492587, "b4z_spearman": 0.3980037999833952}