{"cohort": "2019-07", "seed": 2, "add_point": -0.029297848108332934, "add_p": 1.0, "add_low": -0.03758815185554469, "add_high": -0.021280251789546904, "b4_pearson": 0.24882300152985906, "b4z_pearson": 0.2580769003432384, "b4z_spearman": 0.39756286374773414}