{
  "none-seed0": 0.5326171621084214,
  "none-seed1": 0.5279249152392149,
  "none-seed2": 0.5275475937779993,
  "static-seed0": 0.5205616513839922,
  "static-seed1": 0.5196098417887697,
  "static-seed2": 0.5192511578439735,
  "memory-seed0": 0.5241316368486733,
  "memory-seed1": 0.5205778678581119,
  "memory-seed2": 0.5177471492593176,
  "hidden-seed0": 0.530697091139853,
  "hidden-seed1": 0.5221596003570594,
  "hidden-seed2": 0.5216559312297031
}
